<?xml version="1.0" encoding="utf-16"?>
<suppliers>
  <suplier id="33" name="VF Corporation" parts-count="2" />
  <suplier id="36" name="Saks Inc" parts-count="0" />
  <suplier id="39" name="Nicor Inc" parts-count="0" />
  <suplier id="41" name="Level 3 Communications Inc." parts-count="2" />
  <suplier id="43" name="GenCorp Inc." parts-count="2" />
  <suplier id="47" name="E.I. Du Pont de Nemours and Company" parts-count="0" />
  <suplier id="48" name="The Clorox Co." parts-count="0" />
  <suplier id="51" name="Cintas Corp." parts-count="4" />
  <suplier id="53" name="Cintas Corp." parts-count="0" />
  <suplier id="55" name="Caterpillar Inc." parts-count="0" />
  <suplier id="58" name="Airgas, Inc." parts-count="0" />
  <suplier id="60" name="Agway Inc." parts-count="0" />
  <suplier id="62" name="Zale" parts-count="0" />
</suppliers>