[
  {
    "category": "PAMO Kill Natural",
    "productsCount": 23
  },
  {
    "category": "Fluoxetine",
    "productsCount": 22
  },
  {
    "category": "Care One Hemorrhoidal",
    "productsCount": 22
  },
  {
    "category": "Cefadroxil",
    "productsCount": 22
  },
  {
    "category": "Pleo Ginkgo",
    "productsCount": 19
  },
  {
    "category": "AVANDAMET",
    "productsCount": 17
  },
  {
    "category": "Fair Foundation SPF 15",
    "productsCount": 17
  },
  {
    "category": "AIR",
    "productsCount": 16
  },
  {
    "category": "Warfarin Sodium",
    "productsCount": 14
  },
  {
    "category": "Gemcitabine",
    "productsCount": 14
  },
  {
    "category": "Aspen",
    "productsCount": 14
  },
  {
    "category": "Irbesartan and Hydrochlorothiazide",
    "productsCount": 0
  },
  {
    "category": "IOPE SUPER VITAL",
    "productsCount": 0
  },
  {
    "category": "Ibuprofen",
    "productsCount": 0
  },
  {
    "category": "PREMIER VALUE ALLERGY",
    "productsCount": 0
  },
  {
    "category": "Labetalol Hydrochloride",
    "productsCount": 0
  },
  {
    "category": "Prednisone",
    "productsCount": 0
  },
  {
    "category": "Growing Pains",
    "productsCount": 0
  },
  {
    "category": "Extra Strength Pain Reliever PM",
    "productsCount": 0
  },
  {
    "category": "Americaine",
    "productsCount": 0
  },
  {
    "category": "Echinacea Quartz Gum Support",
    "productsCount": 0
  },
  {
    "category": "SUMATRIPTAN SUCCINATE",
    "productsCount": 0
  },
  {
    "category": "Topiramate",
    "productsCount": 0
  },
  {
    "category": "Amitiza",
    "productsCount": 0
  },
  {
    "category": "GEMCITABINE",
    "productsCount": 0
  },
  {
    "category": "Meloxicam",
    "productsCount": 0
  },
  {
    "category": "MOIST MOISTURE SKIN TONER",
    "productsCount": 0
  },
  {
    "category": "Strattera",
    "productsCount": 0
  },
  {
    "category": "Aquafresh",
    "productsCount": 0
  },
  {
    "category": "Nighttime Sleep Aid",
    "productsCount": 0
  },
  {
    "category": "Pollens - Weeds and Garden Plants, Nettle Urtica dioica",
    "productsCount": 0
  },
  {
    "category": "Perrigo Benzoyl Peroxide",
    "productsCount": 0
  },
  {
    "category": "ENBREL",
    "productsCount": 0
  },
  {
    "category": "Propranolol Hydrochloride",
    "productsCount": 0
  },
  {
    "category": "Allopurinol",
    "productsCount": 0
  },
  {
    "category": "Trihexyphenidyl Hydrochloride",
    "productsCount": 0
  },
  {
    "category": "Archangelica Eucalyptus",
    "productsCount": 0
  },
  {
    "category": "Effervescent Cold Relief",
    "productsCount": 0
  },
  {
    "category": "Allopurinol",
    "productsCount": 0
  },
  {
    "category": "Parsley",
    "productsCount": 0
  },
  {
    "category": "Protonix",
    "productsCount": 0
  },
  {
    "category": "Pollens - Trees, Birch Mix",
    "productsCount": 0
  },
  {
    "category": "ropinirole hydrochloride",
    "productsCount": 0
  },
  {
    "category": "olio activ mouthwash",
    "productsCount": 0
  },
  {
    "category": "CARBIDOPA AND LEVODOPA",
    "productsCount": 0
  },
  {
    "category": "Pollens - Weeds and Garden Plants, Scotch Broom Cytisus scoparius",
    "productsCount": 0
  },
  {
    "category": "Azithromycin",
    "productsCount": 0
  },
  {
    "category": "pain relief",
    "productsCount": 0
  },
  {
    "category": "IOPE RETIGEN MOISTURE TWIN CAKE NO.21",
    "productsCount": 0
  },
  {
    "category": "Goats Milk",
    "productsCount": 0
  },
  {
    "category": "Ondansetron",
    "productsCount": 0
  },
  {
    "category": "Pioglitazone",
    "productsCount": 0
  },
  {
    "category": "Butalbital, Aspirin and Caffeine",
    "productsCount": 0
  },
  {
    "category": "Hydralazine Hydrochloride",
    "productsCount": 0
  },
  {
    "category": "Nevirapine",
    "productsCount": 0
  },
  {
    "category": "ESIKA",
    "productsCount": 0
  },
  {
    "category": "Homeopathic Rheumatism",
    "productsCount": 0
  },
  {
    "category": "Amitriptyline Hydrochloride",
    "productsCount": 0
  },
  {
    "category": "Ibuprofen",
    "productsCount": 0
  },
  {
    "category": "Laser Block 100",
    "productsCount": 0
  },
  {
    "category": "ANXIETY/STRESS RELIEF",
    "productsCount": 0
  },
  {
    "category": "TYLENOL COLD MULTI-SYMPTOM DAYTIME",
    "productsCount": 0
  },
  {
    "category": "Naproxen",
    "productsCount": 0
  },
  {
    "category": "Dover Aminophen",
    "productsCount": 0
  },
  {
    "category": "DIPYRIDAMOLE",
    "productsCount": 0
  },
  {
    "category": "Etodolac",
    "productsCount": 0
  },
  {
    "category": "ziprasidone hydrochloride",
    "productsCount": 0
  },
  {
    "category": "Treatment Set TS336667",
    "productsCount": 0
  },
  {
    "category": "Prostate",
    "productsCount": 0
  },
  {
    "category": "Acid Reducer",
    "productsCount": 0
  },
  {
    "category": "leader pain reliever",
    "productsCount": 0
  },
  {
    "category": "allergy eye",
    "productsCount": 0
  },
  {
    "category": "Metoprolol Tartrate",
    "productsCount": 0
  },
  {
    "category": "Glycopyrrolate",
    "productsCount": 0
  },
  {
    "category": "Air",
    "productsCount": 0
  },
  {
    "category": "Triamterene and Hydrochlorothiazide",
    "productsCount": 0
  },
  {
    "category": "Baza Antifungal",
    "productsCount": 0
  },
  {
    "category": "Imipramine Hydrochloride",
    "productsCount": 0
  },
  {
    "category": "Aspirin",
    "productsCount": 0
  },
  {
    "category": "Retin-A MICRO",
    "productsCount": 0
  },
  {
    "category": "VITALUMIERE AQUA",
    "productsCount": 0
  },
  {
    "category": "Stila Hydrating Primer Oil-Free SPF 30",
    "productsCount": 0
  },
  {
    "category": "Enchanted Moments Mistletoe Kisses Hand Sanitizer",
    "productsCount": 0
  },
  {
    "category": "PCA SKIN ACNE",
    "productsCount": 0
  },
  {
    "category": "CALMING DIAPER RASH",
    "productsCount": 0
  },
  {
    "category": "Labetalol hydrochloride",
    "productsCount": 0
  },
  {
    "category": "Ketorolac Tromethamine",
    "productsCount": 0
  },
  {
    "category": "Foaming Hand Sanitizer",
    "productsCount": 0
  },
  {
    "category": "Aspergillus repens",
    "productsCount": 0
  },
  {
    "category": "ISOPROPYL ALCOHOL",
    "productsCount": 0
  },
  {
    "category": "XtraCare Foam Antibacterial Hand Wash",
    "productsCount": 0
  },
  {
    "category": "smart sense nicotine",
    "productsCount": 0
  },
  {
    "category": "up and up temporary minor arthritis pain relief",
    "productsCount": 0
  },
  {
    "category": "RESCRIPTOR",
    "productsCount": 0
  },
  {
    "category": "Buprenorphine hydrochloride",
    "productsCount": 0
  },
  {
    "category": "PLANTAGO LANCEOLATA POLLEN",
    "productsCount": 0
  },
  {
    "category": "Gehwol med Lipidro",
    "productsCount": 0
  },
  {
    "category": "Ranitidine",
    "productsCount": 0
  },
  {
    "category": "Carbon Dioxide Oxygen Mixture",
    "productsCount": 0
  },
  {
    "category": "REYATAZ",
    "productsCount": 0
  },
  {
    "category": "Allopurinol",
    "productsCount": 0
  },
  {
    "category": "SEPHORA Acne-Fighting Mattifying Moisturizer",
    "productsCount": 0
  },
  {
    "category": "Smooth texture Orange flavor",
    "productsCount": 0
  },
  {
    "category": "DAYWEAR PLUS MULTI PROTECTION TINTED MOISTURIZER",
    "productsCount": 0
  },
  {
    "category": "Zonisamide",
    "productsCount": 0
  },
  {
    "category": "Peter Island Continous sunscreen kids",
    "productsCount": 0
  },
  {
    "category": "GOONG SECRET CALMING BATH",
    "productsCount": 0
  },
  {
    "category": "Clearskin",
    "productsCount": 0
  },
  {
    "category": "No7 Protect and Perfect Foundation Sunscreen Broad Spectrum SPF 15 Cool Ivory",
    "productsCount": 0
  },
  {
    "category": "Alcohol Free Antiseptic",
    "productsCount": 0
  },
  {
    "category": "smart sense nighttime cold and flu relief",
    "productsCount": 0
  },
  {
    "category": "Warfarin Sodium",
    "productsCount": 0
  },
  {
    "category": "Oxygen",
    "productsCount": 0
  },
  {
    "category": "Amlodipine Besylate",
    "productsCount": 0
  },
  {
    "category": "CVS Therapeutic Menthol Pain Reliever",
    "productsCount": 0
  },
  {
    "category": "Warfarin Sodium",
    "productsCount": 0
  },
  {
    "category": "Gilotrif",
    "productsCount": 0
  },
  {
    "category": "Shopko Lip Treatment",
    "productsCount": 0
  },
  {
    "category": "Albuterol",
    "productsCount": 0
  },
  {
    "category": "Eszopiclone",
    "productsCount": 0
  },
  {
    "category": "EMEND",
    "productsCount": 0
  },
  {
    "category": "Etomidate",
    "productsCount": 0
  },
  {
    "category": "TERSI",
    "productsCount": 0
  },
  {
    "category": "Megestrol Acetate",
    "productsCount": 0
  },
  {
    "category": "Glipizide and Metformin Hydrochloride",
    "productsCount": 0
  },
  {
    "category": "Prednisone",
    "productsCount": 0
  },
  {
    "category": "SNORING HP",
    "productsCount": 0
  },
  {
    "category": "ROPINIROLE HYDROCHLORIDE",
    "productsCount": 0
  },
  {
    "category": "kirkland signature minoxidil",
    "productsCount": 0
  },
  {
    "category": "Agaricus Equisetum Special Order",
    "productsCount": 0
  },
  {
    "category": "Lamotrigine Extended Release",
    "productsCount": 0
  },
  {
    "category": "CLARINS Ever Matte SPF 15 - 105 Nude",
    "productsCount": 0
  },
  {
    "category": "Childrens Allegra Allergy",
    "productsCount": 0
  },
  {
    "category": "PredniSONE",
    "productsCount": 0
  },
  {
    "category": "Spironolactone",
    "productsCount": 0
  },
  {
    "category": "U-max Multi BB",
    "productsCount": 0
  },
  {
    "category": "Phenylephrine HCl",
    "productsCount": 0
  },
  {
    "category": "Finasteride",
    "productsCount": 0
  },
  {
    "category": "Clarins Paris Skin Illusion - 114 cappuccino",
    "productsCount": 0
  },
  {
    "category": "Enalapril Maleate",
    "productsCount": 0
  },
  {
    "category": "MEDICATED DANDRUFF",
    "productsCount": 0
  },
  {
    "category": "Pleo Lat",
    "productsCount": 0
  },
  {
    "category": "Myristica Argentum Sinus Relief",
    "productsCount": 0
  },
  {
    "category": "Glyburide",
    "productsCount": 0
  },
  {
    "category": "Burn Jel",
    "productsCount": 0
  },
  {
    "category": "CHAMOMILLA",
    "productsCount": 0
  },
  {
    "category": "NEO-POLY-BAC HYDRO",
    "productsCount": 0
  },
  {
    "category": "Isosorbide Mononitrate",
    "productsCount": 0
  },
  {
    "category": "Head and Shoulders Conditioner",
    "productsCount": 0
  },
  {
    "category": "ERYTHROMYCIN Base Filmtab",
    "productsCount": 0
  },
  {
    "category": "Flumazenil",
    "productsCount": 0
  },
  {
    "category": "Diastat",
    "productsCount": 0
  },
  {
    "category": "Topical 60 Sec Sodium Fluoride",
    "productsCount": 0
  },
  {
    "category": "TRAMADOL HYDROCHLORIDE",
    "productsCount": 0
  },
  {
    "category": "Fexofenadine HCl and Pseudoephedrine HCI",
    "productsCount": 0
  },
  {
    "category": "equaline",
    "productsCount": 0
  },
  {
    "category": "Leg Cramp Relief",
    "productsCount": 0
  },
  {
    "category": "CD CAPTURE TOTALE Triple Correcting Serum Foundation Wrinkles-Dark Spots-Radiance with sunscreen Broad Spectrum SPF 25 010",
    "productsCount": 0
  },
  {
    "category": "PRIMAXIN",
    "productsCount": 0
  },
  {
    "category": "H-Rosacea Formula",
    "productsCount": 0
  },
  {
    "category": "Benazepril Hydrochloride and Hydrochlorothiazide",
    "productsCount": 0
  },
  {
    "category": "Leflunomide",
    "productsCount": 0
  },
  {
    "category": "BareMinerals Golden Tan matte",
    "productsCount": 0
  },
  {
    "category": "CEDAX",
    "productsCount": 0
  },
  {
    "category": "Topex",
    "productsCount": 0
  },
  {
    "category": "DIVALPROEX SODIUM",
    "productsCount": 0
  },
  {
    "category": "Acetic Acid",
    "productsCount": 0
  },
  {
    "category": "MEDI-FIRST Non-Aspirin",
    "productsCount": 0
  },
  {
    "category": "Lorazepam",
    "productsCount": 0
  },
  {
    "category": "Alternaria alternata",
    "productsCount": 0
  },
  {
    "category": "Budpak Hemorrhoid Anesthetic",
    "productsCount": 0
  },
  {
    "category": "Ringers",
    "productsCount": 0
  },
  {
    "category": "LBEL Couleur Luxe Rouge Amplifier XP amplifying SPF 15",
    "productsCount": 0
  },
  {
    "category": "Metformin Hydrochloride",
    "productsCount": 0
  },
  {
    "category": "Cold and Cough",
    "productsCount": 0
  },
  {
    "category": "PANTOPRAZOLE SODIUM",
    "productsCount": 0
  },
  {
    "category": "LANEIGE MYSTIC VEIL FOUNDATION",
    "productsCount": 0
  },
  {
    "category": "EPZICOM",
    "productsCount": 0
  },
  {
    "category": "Almond",
    "productsCount": 0
  },
  {
    "category": "Etoposide",
    "productsCount": 0
  },
  {
    "category": "ESIKA 3-IN-1 PRO MAKE UP FOUNDATION SPF 20 BASE DE MAQUILLAJE PARA ROSTRO 3-EN-1 PRO FPS 20",
    "productsCount": 0
  },
  {
    "category": "Levothyroxine Sodium",
    "productsCount": 0
  },
  {
    "category": "Dawn Ultra Antibacterial Hand",
    "productsCount": 0
  },
  {
    "category": "cough and sore throat",
    "productsCount": 0
  },
  {
    "category": "Moore Medical Sinus Pain and Pressure Relief",
    "productsCount": 0
  },
  {
    "category": "Glipizide",
    "productsCount": 0
  },
  {
    "category": "Yellow Jacket hymenoptera venom Venomil Diagnostic",
    "productsCount": 0
  },
  {
    "category": "Fosphenytoin Sodium",
    "productsCount": 0
  },
  {
    "category": "LV-FX",
    "productsCount": 0
  },
  {
    "category": "Wintergreen Isopropyl Alcohol",
    "productsCount": 0
  },
  {
    "category": "ORCHID SECRET PACT",
    "productsCount": 0
  },
  {
    "category": "Metaxalone",
    "productsCount": 0
  },
  {
    "category": "Allergena",
    "productsCount": 0
  },
  {
    "category": "XANTHIUM STRUMARIUM VAR CANADENSE POLLEN",
    "productsCount": 0
  },
  {
    "category": "Ampicillin",
    "productsCount": 0
  },
  {
    "category": "Buprenorphine hydrochloride and naloxone hydrochloride dihydrate",
    "productsCount": 0
  },
  {
    "category": "Acnezzol Base",
    "productsCount": 0
  },
  {
    "category": "AMARANTHUS PALMERI POLLEN",
    "productsCount": 0
  },
  {
    "category": "ENALAPRIL MALEATE",
    "productsCount": 0
  },
  {
    "category": "Acetaminophen, Chlorpheniramine Maleate, Dextromethorphan Hydrobromide, Phenylephrine Hydrochloride",
    "productsCount": 0
  },
  {
    "category": "Drugs",
    "productsCount": 0
  },
  {
    "category": "Adult",
    "productsCount": 0
  },
  {
    "category": "Electronics",
    "productsCount": 0
  },
  {
    "category": "Garden",
    "productsCount": 0
  },
  {
    "category": "Weapons",
    "productsCount": 0
  },
  {
    "category": "For Children",
    "productsCount": 0
  },
  {
    "category": "Sports",
    "productsCount": 0
  },
  {
    "category": "Fashion",
    "productsCount": 0
  },
  {
    "category": "Autoparts",
    "productsCount": 0
  },
  {
    "category": "Business",
    "productsCount": 0
  },
  {
    "category": "Other",
    "productsCount": 0
  },
  {
    "category": null,
    "productsCount": 0
  },
  {
    "category": "Drugs",
    "productsCount": 0
  },
  {
    "category": "Adult",
    "productsCount": 0
  },
  {
    "category": "Electronics",
    "productsCount": 0
  },
  {
    "category": "Garden",
    "productsCount": 0
  },
  {
    "category": "Weapons",
    "productsCount": 0
  },
  {
    "category": "For Children",
    "productsCount": 0
  },
  {
    "category": "Sports",
    "productsCount": 0
  },
  {
    "category": "Fashion",
    "productsCount": 0
  },
  {
    "category": "Autoparts",
    "productsCount": 0
  },
  {
    "category": "Business",
    "productsCount": 0
  },
  {
    "category": "Other",
    "productsCount": 0
  },
  {
    "category": null,
    "productsCount": 0
  },
  {
    "category": "Drugs",
    "productsCount": 0
  },
  {
    "category": "Adult",
    "productsCount": 0
  },
  {
    "category": "Electronics",
    "productsCount": 0
  },
  {
    "category": "Garden",
    "productsCount": 0
  },
  {
    "category": "Weapons",
    "productsCount": 0
  },
  {
    "category": "For Children",
    "productsCount": 0
  },
  {
    "category": "Sports",
    "productsCount": 0
  },
  {
    "category": "Fashion",
    "productsCount": 0
  },
  {
    "category": "Autoparts",
    "productsCount": 0
  },
  {
    "category": "Business",
    "productsCount": 0
  },
  {
    "category": "Other",
    "productsCount": 0
  },
  {
    "category": null,
    "productsCount": 0
  },
  {
    "category": null,
    "productsCount": 0
  },
  {
    "category": null,
    "productsCount": 0
  },
  {
    "category": null,
    "productsCount": 0
  },
  {
    "category": null,
    "productsCount": 0
  },
  {
    "category": null,
    "productsCount": 0
  },
  {
    "category": null,
    "productsCount": 0
  },
  {
    "category": null,
    "productsCount": 0
  },
  {
    "category": null,
    "productsCount": 0
  },
  {
    "category": null,
    "productsCount": 0
  },
  {
    "category": null,
    "productsCount": 0
  },
  {
    "category": null,
    "productsCount": 0
  },
  {
    "category": null,
    "productsCount": 0
  },
  {
    "category": null,
    "productsCount": 0
  },
  {
    "category": null,
    "productsCount": 0
  },
  {
    "category": null,
    "productsCount": 0
  },
  {
    "category": null,
    "productsCount": 0
  },
  {
    "category": null,
    "productsCount": 0
  },
  {
    "category": null,
    "productsCount": 0
  },
  {
    "category": null,
    "productsCount": 0
  },
  {
    "category": null,
    "productsCount": 0
  },
  {
    "category": null,
    "productsCount": 0
  },
  {
    "category": null,
    "productsCount": 0
  },
  {
    "category": null,
    "productsCount": 0
  },
  {
    "category": null,
    "productsCount": 0
  },
  {
    "category": null,
    "productsCount": 0
  },
  {
    "category": null,
    "productsCount": 0
  },
  {
    "category": null,
    "productsCount": 0
  },
  {
    "category": null,
    "productsCount": 0
  },
  {
    "category": null,
    "productsCount": 0
  },
  {
    "category": null,
    "productsCount": 0
  },
  {
    "category": null,
    "productsCount": 0
  },
  {
    "category": null,
    "productsCount": 0
  },
  {
    "category": null,
    "productsCount": 0
  },
  {
    "category": null,
    "productsCount": 0
  },
  {
    "category": null,
    "productsCount": 0
  },
  {
    "category": null,
    "productsCount": 0
  },
  {
    "category": null,
    "productsCount": 0
  },
  {
    "category": null,
    "productsCount": 0
  },
  {
    "category": null,
    "productsCount": 0
  },
  {
    "category": null,
    "productsCount": 0
  },
  {
    "category": null,
    "productsCount": 0
  },
  {
    "category": null,
    "productsCount": 0
  },
  {
    "category": null,
    "productsCount": 0
  },
  {
    "category": null,
    "productsCount": 0
  },
  {
    "category": null,
    "productsCount": 0
  },
  {
    "category": null,
    "productsCount": 0
  },
  {
    "category": null,
    "productsCount": 0
  },
  {
    "category": null,
    "productsCount": 0
  },
  {
    "category": null,
    "productsCount": 0
  },
  {
    "category": null,
    "productsCount": 0
  },
  {
    "category": null,
    "productsCount": 0
  },
  {
    "category": null,
    "productsCount": 0
  },
  {
    "category": null,
    "productsCount": 0
  },
  {
    "category": null,
    "productsCount": 0
  },
  {
    "category": null,
    "productsCount": 0
  },
  {
    "category": null,
    "productsCount": 0
  },
  {
    "category": null,
    "productsCount": 0
  },
  {
    "category": null,
    "productsCount": 0
  },
  {
    "category": null,
    "productsCount": 0
  },
  {
    "category": null,
    "productsCount": 0
  },
  {
    "category": null,
    "productsCount": 0
  },
  {
    "category": null,
    "productsCount": 0
  },
  {
    "category": null,
    "productsCount": 0
  },
  {
    "category": null,
    "productsCount": 0
  },
  {
    "category": null,
    "productsCount": 0
  },
  {
    "category": null,
    "productsCount": 0
  },
  {
    "category": null,
    "productsCount": 0
  },
  {
    "category": null,
    "productsCount": 0
  },
  {
    "category": null,
    "productsCount": 0
  },
  {
    "category": null,
    "productsCount": 0
  },
  {
    "category": null,
    "productsCount": 0
  },
  {
    "category": null,
    "productsCount": 0
  },
  {
    "category": null,
    "productsCount": 0
  },
  {
    "category": null,
    "productsCount": 0
  },
  {
    "category": null,
    "productsCount": 0
  },
  {
    "category": null,
    "productsCount": 0
  },
  {
    "category": null,
    "productsCount": 0
  },
  {
    "category": null,
    "productsCount": 0
  },
  {
    "category": null,
    "productsCount": 0
  },
  {
    "category": null,
    "productsCount": 0
  },
  {
    "category": null,
    "productsCount": 0
  },
  {
    "category": null,
    "productsCount": 0
  },
  {
    "category": null,
    "productsCount": 0
  },
  {
    "category": null,
    "productsCount": 0
  },
  {
    "category": null,
    "productsCount": 0
  },
  {
    "category": null,
    "productsCount": 0
  },
  {
    "category": null,
    "productsCount": 0
  },
  {
    "category": null,
    "productsCount": 0
  },
  {
    "category": null,
    "productsCount": 0
  },
  {
    "category": null,
    "productsCount": 0
  },
  {
    "category": null,
    "productsCount": 0
  },
  {
    "category": null,
    "productsCount": 0
  },
  {
    "category": null,
    "productsCount": 0
  },
  {
    "category": null,
    "productsCount": 0
  },
  {
    "category": null,
    "productsCount": 0
  },
  {
    "category": null,
    "productsCount": 0
  },
  {
    "category": null,
    "productsCount": 0
  },
  {
    "category": null,
    "productsCount": 0
  },
  {
    "category": null,
    "productsCount": 0
  },
  {
    "category": "Drugs",
    "productsCount": 0
  },
  {
    "category": "Adult",
    "productsCount": 0
  },
  {
    "category": "Electronics",
    "productsCount": 0
  },
  {
    "category": "Garden",
    "productsCount": 0
  },
  {
    "category": "Weapons",
    "productsCount": 0
  },
  {
    "category": "For Children",
    "productsCount": 0
  },
  {
    "category": "Sports",
    "productsCount": 0
  },
  {
    "category": "Fashion",
    "productsCount": 0
  },
  {
    "category": "Autoparts",
    "productsCount": 0
  },
  {
    "category": "Business",
    "productsCount": 0
  },
  {
    "category": "Other",
    "productsCount": 0
  }
]