[
  {
    "firstName": null,
    "lastName": null,
    "soldProducts": [
      {
        "name": "Meloxicam",
        "price": 809.18,
        "buyerFirstName": null,
        "buyerLastName": null
      },
      {
        "name": "Aspirin",
        "price": 925.45,
        "buyerFirstName": null,
        "buyerLastName": null
      },
      {
        "name": "Retin-A MICRO",
        "price": 995.98,
        "buyerFirstName": null,
        "buyerLastName": null
      },
      {
        "name": "Topex",
        "price": 1258.49,
        "buyerFirstName": null,
        "buyerLastName": null
      }
    ]
  },
  {
    "firstName": null,
    "lastName": null,
    "soldProducts": [
      {
        "name": "IOPE SUPER VITAL",
        "price": 824.68,
        "buyerFirstName": null,
        "buyerLastName": null
      },
      {
        "name": "Triamterene and Hydrochlorothiazide",
        "price": 1416.59,
        "buyerFirstName": null,
        "buyerLastName": null
      }
    ]
  },
  {
    "firstName": null,
    "lastName": null,
    "soldProducts": [
      {
        "name": "Allopurinol",
        "price": 48.80,
        "buyerFirstName": null,
        "buyerLastName": null
      },
      {
        "name": "Eszopiclone",
        "price": 405.03,
        "buyerFirstName": null,
        "buyerLastName": null
      }
    ]
  },
  {
    "firstName": null,
    "lastName": null,
    "soldProducts": [
      {
        "name": "Cold and Cough",
        "price": 218.14,
        "buyerFirstName": null,
        "buyerLastName": null
      },
      {
        "name": "Glipizide",
        "price": 621.78,
        "buyerFirstName": null,
        "buyerLastName": null
      }
    ]
  },
  {
    "firstName": null,
    "lastName": null,
    "soldProducts": [
      {
        "name": "Ibuprofen",
        "price": 1305.96,
        "buyerFirstName": null,
        "buyerLastName": null
      },
      {
        "name": "No7 Protect and Perfect Foundation Sunscreen Broad Spectrum SPF 15 Cool Ivory",
        "price": 616.19,
        "buyerFirstName": null,
        "buyerLastName": null
      },
      {
        "name": "CHAMOMILLA",
        "price": 37.97,
        "buyerFirstName": null,
        "buyerLastName": null
      },
      {
        "name": "Benazepril Hydrochloride and Hydrochlorothiazide",
        "price": 1187.27,
        "buyerFirstName": null,
        "buyerLastName": null
      }
    ]
  },
  {
    "firstName": null,
    "lastName": null,
    "soldProducts": [
      {
        "name": "Imipramine Hydrochloride",
        "price": 648.69,
        "buyerFirstName": null,
        "buyerLastName": null
      },
      {
        "name": "SEPHORA Acne-Fighting Mattifying Moisturizer",
        "price": 1019.28,
        "buyerFirstName": null,
        "buyerLastName": null
      },
      {
        "name": "Etomidate",
        "price": 393.94,
        "buyerFirstName": null,
        "buyerLastName": null
      },
      {
        "name": "Metaxalone",
        "price": 79.94,
        "buyerFirstName": null,
        "buyerLastName": null
      }
    ]
  },
  {
    "firstName": null,
    "lastName": null,
    "soldProducts": [
      {
        "name": "Naproxen",
        "price": 807.22,
        "buyerFirstName": null,
        "buyerLastName": null
      },
      {
        "name": "Pleo Lat",
        "price": 720.08,
        "buyerFirstName": null,
        "buyerLastName": null
      },
      {
        "name": "DIVALPROEX SODIUM",
        "price": 1287.03,
        "buyerFirstName": null,
        "buyerLastName": null
      },
      {
        "name": "LBEL Couleur Luxe Rouge Amplifier XP amplifying SPF 15",
        "price": 1069.43,
        "buyerFirstName": null,
        "buyerLastName": null
      }
    ]
  },
  {
    "firstName": null,
    "lastName": null,
    "soldProducts": [
      {
        "name": "Aspen",
        "price": 1046.46,
        "buyerFirstName": null,
        "buyerLastName": null
      },
      {
        "name": "Ondansetron",
        "price": 1249.76,
        "buyerFirstName": null,
        "buyerLastName": null
      },
      {
        "name": "Etodolac",
        "price": 1443.13,
        "buyerFirstName": null,
        "buyerLastName": null
      },
      {
        "name": "VITALUMIERE AQUA",
        "price": 1293.09,
        "buyerFirstName": null,
        "buyerLastName": null
      },
      {
        "name": "Wintergreen Isopropyl Alcohol",
        "price": 1397.57,
        "buyerFirstName": null,
        "buyerLastName": null
      }
    ]
  },
  {
    "firstName": null,
    "lastName": null,
    "soldProducts": [
      {
        "name": "PREMIER VALUE ALLERGY",
        "price": 1127.61,
        "buyerFirstName": null,
        "buyerLastName": null
      },
      {
        "name": "Pollens - Trees, Birch Mix",
        "price": 1153.54,
        "buyerFirstName": null,
        "buyerLastName": null
      },
      {
        "name": "Prostate",
        "price": 716.05,
        "buyerFirstName": null,
        "buyerLastName": null
      },
      {
        "name": "smart sense nighttime cold and flu relief",
        "price": 1101.77,
        "buyerFirstName": null,
        "buyerLastName": null
      },
      {
        "name": "PRIMAXIN",
        "price": 686.66,
        "buyerFirstName": null,
        "buyerLastName": null
      },
      {
        "name": "cough and sore throat",
        "price": 1482.68,
        "buyerFirstName": null,
        "buyerLastName": null
      }
    ]
  },
  {
    "firstName": null,
    "lastName": null,
    "soldProducts": [
      {
        "name": "Pleo Ginkgo",
        "price": 613.65,
        "buyerFirstName": null,
        "buyerLastName": null
      },
      {
        "name": "Clearskin",
        "price": 968.59,
        "buyerFirstName": null,
        "buyerLastName": null
      }
    ]
  },
  {
    "firstName": null,
    "lastName": null,
    "soldProducts": [
      {
        "name": "Archangelica Eucalyptus",
        "price": 1334.91,
        "buyerFirstName": null,
        "buyerLastName": null
      },
      {
        "name": "Parsley",
        "price": 519.06,
        "buyerFirstName": null,
        "buyerLastName": null
      },
      {
        "name": "XtraCare Foam Antibacterial Hand Wash",
        "price": 1251.97,
        "buyerFirstName": null,
        "buyerLastName": null
      },
      {
        "name": "TERSI",
        "price": 554.91,
        "buyerFirstName": null,
        "buyerLastName": null
      }
    ]
  },
  {
    "firstName": null,
    "lastName": null,
    "soldProducts": [
      {
        "name": "up and up temporary minor arthritis pain relief",
        "price": 1085.78,
        "buyerFirstName": null,
        "buyerLastName": null
      },
      {
        "name": "Oxygen",
        "price": 1242.92,
        "buyerFirstName": null,
        "buyerLastName": null
      },
      {
        "name": "Head and Shoulders Conditioner",
        "price": 1099.59,
        "buyerFirstName": null,
        "buyerLastName": null
      }
    ]
  },
  {
    "firstName": null,
    "lastName": null,
    "soldProducts": [
      {
        "name": "Labetalol Hydrochloride",
        "price": 1345.11,
        "buyerFirstName": null,
        "buyerLastName": null
      },
      {
        "name": "Americaine",
        "price": 1165.75,
        "buyerFirstName": null,
        "buyerLastName": null
      },
      {
        "name": "CALMING DIAPER RASH",
        "price": 700.92,
        "buyerFirstName": null,
        "buyerLastName": null
      }
    ]
  },
  {
    "firstName": null,
    "lastName": null,
    "soldProducts": [
      {
        "name": "Amlodipine Besylate",
        "price": 122.57,
        "buyerFirstName": null,
        "buyerLastName": null
      },
      {
        "name": "Gilotrif",
        "price": 1454.77,
        "buyerFirstName": null,
        "buyerLastName": null
      },
      {
        "name": "Childrens Allegra Allergy",
        "price": 650.97,
        "buyerFirstName": null,
        "buyerLastName": null
      },
      {
        "name": "BareMinerals Golden Tan matte",
        "price": 110.93,
        "buyerFirstName": null,
        "buyerLastName": null
      }
    ]
  },
  {
    "firstName": null,
    "lastName": null,
    "soldProducts": [
      {
        "name": "Fair Foundation SPF 15",
        "price": 1394.24,
        "buyerFirstName": null,
        "buyerLastName": null
      },
      {
        "name": "IOPE RETIGEN MOISTURE TWIN CAKE NO.21",
        "price": 1257.71,
        "buyerFirstName": null,
        "buyerLastName": null
      },
      {
        "name": "ESIKA",
        "price": 879.37,
        "buyerFirstName": null,
        "buyerLastName": null
      },
      {
        "name": "allergy eye",
        "price": 426.91,
        "buyerFirstName": null,
        "buyerLastName": null
      },
      {
        "name": "GOONG SECRET CALMING BATH",
        "price": 742.47,
        "buyerFirstName": null,
        "buyerLastName": null
      },
      {
        "name": "EMEND",
        "price": 1365.51,
        "buyerFirstName": null,
        "buyerLastName": null
      },
      {
        "name": "Finasteride",
        "price": 1374.01,
        "buyerFirstName": null,
        "buyerLastName": null
      },
      {
        "name": "Glyburide",
        "price": 95.10,
        "buyerFirstName": null,
        "buyerLastName": null
      },
      {
        "name": "Allergena",
        "price": 109.32,
        "buyerFirstName": null,
        "buyerLastName": null
      }
    ]
  },
  {
    "firstName": null,
    "lastName": null,
    "soldProducts": [
      {
        "name": "Growing Pains",
        "price": 1077.37,
        "buyerFirstName": null,
        "buyerLastName": null
      },
      {
        "name": "Amitriptyline Hydrochloride",
        "price": 1453.96,
        "buyerFirstName": null,
        "buyerLastName": null
      },
      {
        "name": "TYLENOL COLD MULTI-SYMPTOM DAYTIME",
        "price": 1010.81,
        "buyerFirstName": null,
        "buyerLastName": null
      },
      {
        "name": "Glycopyrrolate",
        "price": 1471.43,
        "buyerFirstName": null,
        "buyerLastName": null
      },
      {
        "name": "Baza Antifungal",
        "price": 1162.34,
        "buyerFirstName": null,
        "buyerLastName": null
      },
      {
        "name": "Foaming Hand Sanitizer",
        "price": 624.72,
        "buyerFirstName": null,
        "buyerLastName": null
      },
      {
        "name": "Topical 60 Sec Sodium Fluoride",
        "price": 1228.84,
        "buyerFirstName": null,
        "buyerLastName": null
      }
    ]
  },
  {
    "firstName": null,
    "lastName": null,
    "soldProducts": [
      {
        "name": "Amitiza",
        "price": 666.58,
        "buyerFirstName": null,
        "buyerLastName": null
      },
      {
        "name": "Pollens - Weeds and Garden Plants, Nettle Urtica dioica",
        "price": 782.77,
        "buyerFirstName": null,
        "buyerLastName": null
      },
      {
        "name": "Perrigo Benzoyl Peroxide",
        "price": 873.24,
        "buyerFirstName": null,
        "buyerLastName": null
      }
    ]
  },
  {
    "firstName": null,
    "lastName": null,
    "soldProducts": [
      {
        "name": "Stila Hydrating Primer Oil-Free SPF 30",
        "price": 179.28,
        "buyerFirstName": null,
        "buyerLastName": null
      },
      {
        "name": "U-max Multi BB",
        "price": 137.16,
        "buyerFirstName": null,
        "buyerLastName": null
      }
    ]
  },
  {
    "firstName": null,
    "lastName": null,
    "soldProducts": [
      {
        "name": "Metoprolol Tartrate",
        "price": 1405.74,
        "buyerFirstName": null,
        "buyerLastName": null
      }
    ]
  },
  {
    "firstName": null,
    "lastName": null,
    "soldProducts": [
      {
        "name": "pain relief",
        "price": 938.23,
        "buyerFirstName": null,
        "buyerLastName": null
      },
      {
        "name": "Ketorolac Tromethamine",
        "price": 608.18,
        "buyerFirstName": null,
        "buyerLastName": null
      },
      {
        "name": "Agaricus Equisetum Special Order",
        "price": 585.93,
        "buyerFirstName": null,
        "buyerLastName": null
      },
      {
        "name": "Flumazenil",
        "price": 1151.37,
        "buyerFirstName": null,
        "buyerLastName": null
      },
      {
        "name": "Ringers",
        "price": 1054.37,
        "buyerFirstName": null,
        "buyerLastName": null
      },
      {
        "name": "Yellow Jacket hymenoptera venom Venomil Diagnostic",
        "price": 23.58,
        "buyerFirstName": null,
        "buyerLastName": null
      }
    ]
  },
  {
    "firstName": null,
    "lastName": null,
    "soldProducts": [
      {
        "name": "Azithromycin",
        "price": 813.87,
        "buyerFirstName": null,
        "buyerLastName": null
      },
      {
        "name": "Pioglitazone",
        "price": 306.56,
        "buyerFirstName": null,
        "buyerLastName": null
      }
    ]
  },
  {
    "firstName": null,
    "lastName": null,
    "soldProducts": [
      {
        "name": "AVANDAMET",
        "price": 632.08,
        "buyerFirstName": null,
        "buyerLastName": null
      },
      {
        "name": "DIPYRIDAMOLE",
        "price": 1150.67,
        "buyerFirstName": null,
        "buyerLastName": null
      },
      {
        "name": "Warfarin Sodium",
        "price": 770.05,
        "buyerFirstName": null,
        "buyerLastName": null
      },
      {
        "name": "SNORING HP",
        "price": 53.59,
        "buyerFirstName": null,
        "buyerLastName": null
      },
      {
        "name": "Phenylephrine HCl",
        "price": 459.89,
        "buyerFirstName": null,
        "buyerLastName": null
      }
    ]
  },
  {
    "firstName": null,
    "lastName": null,
    "soldProducts": [
      {
        "name": "Care One Hemorrhoidal",
        "price": 932.18,
        "buyerFirstName": null,
        "buyerLastName": null
      },
      {
        "name": "SUMATRIPTAN SUCCINATE",
        "price": 1265.94,
        "buyerFirstName": null,
        "buyerLastName": null
      },
      {
        "name": "Acid Reducer",
        "price": 1443.51,
        "buyerFirstName": null,
        "buyerLastName": null
      },
      {
        "name": "Isosorbide Mononitrate",
        "price": 789.91,
        "buyerFirstName": null,
        "buyerLastName": null
      },
      {
        "name": "PANTOPRAZOLE SODIUM",
        "price": 293.89,
        "buyerFirstName": null,
        "buyerLastName": null
      }
    ]
  },
  {
    "firstName": null,
    "lastName": null,
    "soldProducts": [
      {
        "name": "Prednisone",
        "price": 550.72,
        "buyerFirstName": null,
        "buyerLastName": null
      },
      {
        "name": "equaline",
        "price": 520.45,
        "buyerFirstName": null,
        "buyerLastName": null
      },
      {
        "name": "Acetic Acid",
        "price": 1060.43,
        "buyerFirstName": null,
        "buyerLastName": null
      }
    ]
  },
  {
    "firstName": null,
    "lastName": null,
    "soldProducts": [
      {
        "name": "Fluoxetine",
        "price": 385.37,
        "buyerFirstName": null,
        "buyerLastName": null
      },
      {
        "name": "Extra Strength Pain Reliever PM",
        "price": 542.72,
        "buyerFirstName": null,
        "buyerLastName": null
      },
      {
        "name": "CARBIDOPA AND LEVODOPA",
        "price": 441.64,
        "buyerFirstName": null,
        "buyerLastName": null
      },
      {
        "name": "Peter Island Continous sunscreen kids",
        "price": 471.30,
        "buyerFirstName": null,
        "buyerLastName": null
      }
    ]
  },
  {
    "firstName": null,
    "lastName": null,
    "soldProducts": [
      {
        "name": "Irbesartan and Hydrochlorothiazide",
        "price": 308.30,
        "buyerFirstName": null,
        "buyerLastName": null
      },
      {
        "name": "Clarins Paris Skin Illusion - 114 cappuccino",
        "price": 811.42,
        "buyerFirstName": null,
        "buyerLastName": null
      },
      {
        "name": "AMARANTHUS PALMERI POLLEN",
        "price": 623.16,
        "buyerFirstName": null,
        "buyerLastName": null
      }
    ]
  },
  {
    "firstName": null,
    "lastName": null,
    "soldProducts": [
      {
        "name": "Nighttime Sleep Aid",
        "price": 1217.11,
        "buyerFirstName": null,
        "buyerLastName": null
      },
      {
        "name": "Shopko Lip Treatment",
        "price": 861.42,
        "buyerFirstName": null,
        "buyerLastName": null
      },
      {
        "name": "MEDICATED DANDRUFF",
        "price": 1351.02,
        "buyerFirstName": null,
        "buyerLastName": null
      }
    ]
  },
  {
    "firstName": null,
    "lastName": null,
    "soldProducts": [
      {
        "name": "MOIST MOISTURE SKIN TONER",
        "price": 152.43,
        "buyerFirstName": null,
        "buyerLastName": null
      },
      {
        "name": "smart sense nicotine",
        "price": 1444.12,
        "buyerFirstName": null,
        "buyerLastName": null
      },
      {
        "name": "Myristica Argentum Sinus Relief",
        "price": 904.52,
        "buyerFirstName": null,
        "buyerLastName": null
      }
    ]
  },
  {
    "firstName": null,
    "lastName": null,
    "soldProducts": [
      {
        "name": "PredniSONE",
        "price": 286.43,
        "buyerFirstName": null,
        "buyerLastName": null
      }
    ]
  },
  {
    "firstName": null,
    "lastName": null,
    "soldProducts": [
      {
        "name": "Diastat",
        "price": 614.14,
        "buyerFirstName": null,
        "buyerLastName": null
      }
    ]
  },
  {
    "firstName": null,
    "lastName": null,
    "soldProducts": [
      {
        "name": "Carbon Dioxide Oxygen Mixture",
        "price": 95.49,
        "buyerFirstName": null,
        "buyerLastName": null
      },
      {
        "name": "Allopurinol",
        "price": 518.50,
        "buyerFirstName": null,
        "buyerLastName": null
      },
      {
        "name": "ROPINIROLE HYDROCHLORIDE",
        "price": 266.44,
        "buyerFirstName": null,
        "buyerLastName": null
      },
      {
        "name": "Almond",
        "price": 367.32,
        "buyerFirstName": null,
        "buyerLastName": null
      }
    ]
  },
  {
    "firstName": null,
    "lastName": null,
    "soldProducts": [
      {
        "name": "Prednisone",
        "price": 1285.99,
        "buyerFirstName": null,
        "buyerLastName": null
      },
      {
        "name": "EPZICOM",
        "price": 895.65,
        "buyerFirstName": null,
        "buyerLastName": null
      }
    ]
  },
  {
    "firstName": null,
    "lastName": null,
    "soldProducts": [
      {
        "name": "ENBREL",
        "price": 673.97,
        "buyerFirstName": null,
        "buyerLastName": null
      },
      {
        "name": "ropinirole hydrochloride",
        "price": 103.58,
        "buyerFirstName": null,
        "buyerLastName": null
      },
      {
        "name": "Laser Block 100",
        "price": 1135.43,
        "buyerFirstName": null,
        "buyerLastName": null
      },
      {
        "name": "Buprenorphine hydrochloride",
        "price": 391.05,
        "buyerFirstName": null,
        "buyerLastName": null
      },
      {
        "name": "Metformin Hydrochloride",
        "price": 953.99,
        "buyerFirstName": null,
        "buyerLastName": null
      }
    ]
  },
  {
    "firstName": null,
    "lastName": null,
    "soldProducts": [
      {
        "name": "GEMCITABINE",
        "price": 1468.11,
        "buyerFirstName": null,
        "buyerLastName": null
      }
    ]
  },
  {
    "firstName": null,
    "lastName": null,
    "soldProducts": [
      {
        "name": "Cefadroxil",
        "price": 1302.20,
        "buyerFirstName": null,
        "buyerLastName": null
      },
      {
        "name": "Fosphenytoin Sodium",
        "price": 1334.06,
        "buyerFirstName": null,
        "buyerLastName": null
      }
    ]
  },
  {
    "firstName": null,
    "lastName": null,
    "soldProducts": [
      {
        "name": "Nevirapine",
        "price": 1374.72,
        "buyerFirstName": null,
        "buyerLastName": null
      },
      {
        "name": "Homeopathic Rheumatism",
        "price": 967.08,
        "buyerFirstName": null,
        "buyerLastName": null
      },
      {
        "name": "ziprasidone hydrochloride",
        "price": 628.66,
        "buyerFirstName": null,
        "buyerLastName": null
      },
      {
        "name": "Labetalol hydrochloride",
        "price": 436.38,
        "buyerFirstName": null,
        "buyerLastName": null
      },
      {
        "name": "kirkland signature minoxidil",
        "price": 49.17,
        "buyerFirstName": null,
        "buyerLastName": null
      },
      {
        "name": "NEO-POLY-BAC HYDRO",
        "price": 967.32,
        "buyerFirstName": null,
        "buyerLastName": null
      }
    ]
  },
  {
    "firstName": null,
    "lastName": null,
    "soldProducts": [
      {
        "name": "Topiramate",
        "price": 578.77,
        "buyerFirstName": null,
        "buyerLastName": null
      },
      {
        "name": "Alcohol Free Antiseptic",
        "price": 1486.07,
        "buyerFirstName": null,
        "buyerLastName": null
      },
      {
        "name": "Warfarin Sodium",
        "price": 1379.79,
        "buyerFirstName": null,
        "buyerLastName": null
      },
      {
        "name": "Lamotrigine Extended Release",
        "price": 245.63,
        "buyerFirstName": null,
        "buyerLastName": null
      },
      {
        "name": "CLARINS Ever Matte SPF 15 - 105 Nude",
        "price": 696.06,
        "buyerFirstName": null,
        "buyerLastName": null
      }
    ]
  },
  {
    "firstName": null,
    "lastName": null,
    "soldProducts": [
      {
        "name": "CD CAPTURE TOTALE Triple Correcting Serum Foundation Wrinkles-Dark Spots-Radiance with sunscreen Broad Spectrum SPF 25 010",
        "price": 77.23,
        "buyerFirstName": null,
        "buyerLastName": null
      }
    ]
  },
  {
    "firstName": null,
    "lastName": null,
    "soldProducts": [
      {
        "name": "Allopurinol",
        "price": 336.81,
        "buyerFirstName": null,
        "buyerLastName": null
      },
      {
        "name": "ISOPROPYL ALCOHOL",
        "price": 339.48,
        "buyerFirstName": null,
        "buyerLastName": null
      },
      {
        "name": "Smooth texture Orange flavor",
        "price": 976.65,
        "buyerFirstName": null,
        "buyerLastName": null
      },
      {
        "name": "Etoposide",
        "price": 1483.96,
        "buyerFirstName": null,
        "buyerLastName": null
      }
    ]
  },
  {
    "firstName": null,
    "lastName": null,
    "soldProducts": [
      {
        "name": "Gemcitabine",
        "price": 594.79,
        "buyerFirstName": null,
        "buyerLastName": null
      },
      {
        "name": "Effervescent Cold Relief",
        "price": 1436.07,
        "buyerFirstName": null,
        "buyerLastName": null
      },
      {
        "name": "Gehwol med Lipidro",
        "price": 421.24,
        "buyerFirstName": null,
        "buyerLastName": null
      },
      {
        "name": "Fexofenadine HCl and Pseudoephedrine HCI",
        "price": 73.07,
        "buyerFirstName": null,
        "buyerLastName": null
      },
      {
        "name": "ORCHID SECRET PACT",
        "price": 59.53,
        "buyerFirstName": null,
        "buyerLastName": null
      }
    ]
  },
  {
    "firstName": null,
    "lastName": null,
    "soldProducts": [
      {
        "name": "Pollens - Weeds and Garden Plants, Scotch Broom Cytisus scoparius",
        "price": 135.82,
        "buyerFirstName": null,
        "buyerLastName": null
      },
      {
        "name": "Butalbital, Aspirin and Caffeine",
        "price": 1010.98,
        "buyerFirstName": null,
        "buyerLastName": null
      },
      {
        "name": "LANEIGE MYSTIC VEIL FOUNDATION",
        "price": 20.86,
        "buyerFirstName": null,
        "buyerLastName": null
      }
    ]
  },
  {
    "firstName": null,
    "lastName": null,
    "soldProducts": [
      {
        "name": "AIR",
        "price": 581.69,
        "buyerFirstName": null,
        "buyerLastName": null
      }
    ]
  },
  {
    "firstName": null,
    "lastName": null,
    "soldProducts": [
      {
        "name": "Protonix",
        "price": 466.70,
        "buyerFirstName": null,
        "buyerLastName": null
      },
      {
        "name": "Air",
        "price": 331.53,
        "buyerFirstName": null,
        "buyerLastName": null
      },
      {
        "name": "Ranitidine",
        "price": 926.64,
        "buyerFirstName": null,
        "buyerLastName": null
      },
      {
        "name": "Buprenorphine hydrochloride and naloxone hydrochloride dihydrate",
        "price": 293.33,
        "buyerFirstName": null,
        "buyerLastName": null
      }
    ]
  },
  {
    "firstName": null,
    "lastName": null,
    "soldProducts": [
      {
        "name": "leader pain reliever",
        "price": 1179.79,
        "buyerFirstName": null,
        "buyerLastName": null
      },
      {
        "name": "Leg Cramp Relief",
        "price": 1345.69,
        "buyerFirstName": null,
        "buyerLastName": null
      },
      {
        "name": "ESIKA 3-IN-1 PRO MAKE UP FOUNDATION SPF 20 BASE DE MAQUILLAJE PARA ROSTRO 3-EN-1 PRO FPS 20",
        "price": 1097.60,
        "buyerFirstName": null,
        "buyerLastName": null
      }
    ]
  },
  {
    "firstName": null,
    "lastName": null,
    "soldProducts": [
      {
        "name": "PLANTAGO LANCEOLATA POLLEN",
        "price": 561.68,
        "buyerFirstName": null,
        "buyerLastName": null
      },
      {
        "name": "Albuterol",
        "price": 108.95,
        "buyerFirstName": null,
        "buyerLastName": null
      },
      {
        "name": "Lorazepam",
        "price": 1134.96,
        "buyerFirstName": null,
        "buyerLastName": null
      }
    ]
  },
  {
    "firstName": null,
    "lastName": null,
    "soldProducts": [
      {
        "name": "Budpak Hemorrhoid Anesthetic",
        "price": 1499.29,
        "buyerFirstName": null,
        "buyerLastName": null
      },
      {
        "name": "Levothyroxine Sodium",
        "price": 885.86,
        "buyerFirstName": null,
        "buyerLastName": null
      },
      {
        "name": "LV-FX",
        "price": 820.87,
        "buyerFirstName": null,
        "buyerLastName": null
      }
    ]
  },
  {
    "firstName": null,
    "lastName": null,
    "soldProducts": [
      {
        "name": "Strattera",
        "price": 658.54,
        "buyerFirstName": null,
        "buyerLastName": null
      },
      {
        "name": "Aspergillus repens",
        "price": 1231.42,
        "buyerFirstName": null,
        "buyerLastName": null
      }
    ]
  },
  {
    "firstName": null,
    "lastName": null,
    "soldProducts": [
      {
        "name": "Warfarin Sodium",
        "price": 138.83,
        "buyerFirstName": null,
        "buyerLastName": null
      },
      {
        "name": "Aquafresh",
        "price": 849.93,
        "buyerFirstName": null,
        "buyerLastName": null
      },
      {
        "name": "Megestrol Acetate",
        "price": 976.15,
        "buyerFirstName": null,
        "buyerLastName": null
      },
      {
        "name": "Glipizide and Metformin Hydrochloride",
        "price": 953.60,
        "buyerFirstName": null,
        "buyerLastName": null
      }
    ]
  },
  {
    "firstName": null,
    "lastName": null,
    "soldProducts": [
      {
        "name": "Acnezzol Base",
        "price": 710.60,
        "buyerFirstName": null,
        "buyerLastName": null
      },
      {
        "name": "ENALAPRIL MALEATE",
        "price": 210.42,
        "buyerFirstName": null,
        "buyerLastName": null
      }
    ]
  },
  {
    "firstName": null,
    "lastName": null,
    "soldProducts": [
      {
        "name": "Treatment Set TS336667",
        "price": 1466.47,
        "buyerFirstName": null,
        "buyerLastName": null
      },
      {
        "name": "Alternaria alternata",
        "price": 61.24,
        "buyerFirstName": null,
        "buyerLastName": null
      }
    ]
  },
  {
    "firstName": null,
    "lastName": null,
    "soldProducts": [
      {
        "name": "Echinacea Quartz Gum Support",
        "price": 570.08,
        "buyerFirstName": null,
        "buyerLastName": null
      },
      {
        "name": "Enalapril Maleate",
        "price": 72.71,
        "buyerFirstName": null,
        "buyerLastName": null
      },
      {
        "name": "Leflunomide",
        "price": 312.85,
        "buyerFirstName": null,
        "buyerLastName": null
      },
      {
        "name": "MEDI-FIRST Non-Aspirin",
        "price": 1301.28,
        "buyerFirstName": null,
        "buyerLastName": null
      }
    ]
  },
  {
    "firstName": null,
    "lastName": null,
    "soldProducts": [
      {
        "name": "Trihexyphenidyl Hydrochloride",
        "price": 64.88,
        "buyerFirstName": null,
        "buyerLastName": null
      },
      {
        "name": "Enchanted Moments Mistletoe Kisses Hand Sanitizer",
        "price": 384.99,
        "buyerFirstName": null,
        "buyerLastName": null
      },
      {
        "name": "H-Rosacea Formula",
        "price": 99.74,
        "buyerFirstName": null,
        "buyerLastName": null
      },
      {
        "name": "XANTHIUM STRUMARIUM VAR CANADENSE POLLEN",
        "price": 1091.38,
        "buyerFirstName": null,
        "buyerLastName": null
      }
    ]
  },
  {
    "firstName": null,
    "lastName": null,
    "soldProducts": [
      {
        "name": "DAYWEAR PLUS MULTI PROTECTION TINTED MOISTURIZER",
        "price": 555.12,
        "buyerFirstName": null,
        "buyerLastName": null
      }
    ]
  },
  {
    "firstName": null,
    "lastName": null,
    "soldProducts": [
      {
        "name": "ANXIETY/STRESS RELIEF",
        "price": 324.66,
        "buyerFirstName": null,
        "buyerLastName": null
      },
      {
        "name": "Dawn Ultra Antibacterial Hand",
        "price": 969.86,
        "buyerFirstName": null,
        "buyerLastName": null
      }
    ]
  }
]